<publishData>
  <publishTarget publishUrl="D:\projects\MuslimAid_Live\">
    <file relUrl="bower_components/eonasdan-bootstrap-datetimepicker/docs/theme/android-chrome-192x192.png" publishTime="01/16/2017 14:04:24" />
    <file relUrl="bower_components/jquery/src/var/documentElement.js" publishTime="01/16/2017 14:04:24" />
    <file relUrl="bower_components/jquery/src/ajax/var/rquery.js" publishTime="01/16/2017 14:04:24" />
    <file relUrl="bower_components/jquery/src/wrap.js" publishTime="01/16/2017 14:04:24" />
    <file relUrl="MURABAHA/VoucherPrint.aspx" publishTime="02/08/2017 11:10:44" />
    <file relUrl="bower_components/moment/src/locale/et.js" publishTime="01/16/2017 14:04:24" />
    <file relUrl="bower_components/moment/locale/ml.js" publishTime="01/16/2017 14:04:24" />
    <file relUrl="bower_components/eonasdan-bootstrap-datetimepicker/docs/theme/favicon.ico" publishTime="01/16/2017 14:04:24" />
    <file relUrl="css/img/ui-bg_glass_75_e6e6e6_1x400.png" publishTime="01/16/2017 14:04:24" />
    <file relUrl="bower_components/moment/locale/ss.js" publishTime="01/16/2017 14:04:24" />
    <file relUrl="bower_components/moment/src/locale/yo.js" publishTime="01/16/2017 14:04:24" />
    <file relUrl="bower_components/jquery/src/var/class2type.js" publishTime="01/16/2017 14:04:24" />
    <file relUrl="bower_components/moment/locale/pl.js" publishTime="01/16/2017 14:04:24" />
    <file relUrl="bower_components/moment/min/locales.js" publishTime="01/16/2017 14:04:24" />
    <file relUrl="bower_components/eonasdan-bootstrap-datetimepicker/src/nuget/NuGet.exe" publishTime="01/16/2017 14:04:24" />
    <file relUrl="MURABAHA/Client_Basic_Details_Report.aspx" publishTime="02/08/2017 11:09:07" />
    <file relUrl="bower_components/moment/src/lib/utils/deprecate.js" publishTime="01/16/2017 14:04:24" />
    <file relUrl="Images/body-bg.png" publishTime="01/16/2017 14:04:24" />
    <file relUrl="bower_components/jquery/src/queue/delay.js" publishTime="01/16/2017 14:04:24" />
    <file relUrl="bower_components/moment/locale/mr.js" publishTime="01/16/2017 14:04:24" />
    <file relUrl="css/img/ui-bg_flat_75_ffffff_40x100.png" publishTime="01/16/2017 14:04:24" />
    <file relUrl="bower_components/moment/src/locale/mr.js" publishTime="01/16/2017 14:04:24" />
    <file relUrl="MURABAHA/BranchAdd.aspx" publishTime="01/18/2017 00:41:23" />
    <file relUrl="bower_components/jquery/src/attributes/attr.js" publishTime="01/16/2017 14:04:24" />
    <file relUrl="bower_components/jquery/src/queue.js" publishTime="01/16/2017 14:04:24" />
    <file relUrl="bower_components/moment/locale/de-at.js" publishTime="01/16/2017 14:04:24" />
    <file relUrl="MURABAHA/center_create.aspx" publishTime="01/16/2017 22:45:35" />
    <file relUrl="SALAM/business_details.aspx" publishTime="02/07/2017 09:21:56" />
    <file relUrl="MURABAHA/Recipt_Cancel.aspx" publishTime="01/16/2017 22:43:34" />
    <file relUrl="bower_components/moment/src/lib/create/parsing-flags.js" publishTime="01/16/2017 14:04:24" />
    <file relUrl="bower_components/jquery/src/var/toString.js" publishTime="01/16/2017 14:04:24" />
    <file relUrl="bower_components/moment/src/lib/moment/creation-data.js" publishTime="01/16/2017 14:04:24" />
    <file relUrl="bower_components/moment/src/lib/create/local.js" publishTime="01/16/2017 14:04:24" />
    <file relUrl="bower_components/moment/src/lib/moment/get-set.js" publishTime="01/16/2017 14:04:24" />
    <file relUrl="Images/MAMC Logo - Final without line.png" publishTime="01/16/2017 14:04:24" />
    <file relUrl="bower_components/moment/src/lib/duration/humanize.js" publishTime="01/16/2017 14:04:24" />
    <file relUrl="SALAM/Salam.Master" publishTime="02/01/2017 15:03:51" />
    <file relUrl="bower_components/moment/src/locale/ar.js" publishTime="01/16/2017 14:04:24" />
    <file relUrl="bower_components/moment/locale/me.js" publishTime="01/16/2017 14:04:24" />
    <file relUrl="bower_components/jquery/src/traversing/findFilter.js" publishTime="01/16/2017 14:04:24" />
    <file relUrl="bower_components/moment/moment.js" publishTime="01/16/2017 14:04:24" />
    <file relUrl="bower_components/jquery/src/manipulation/wrapMap.js" publishTime="01/16/2017 14:04:24" />
    <file relUrl="bower_components/moment/src/lib/duration/create.js" publishTime="01/16/2017 14:04:24" />
    <file relUrl="bower_components/moment/src/locale/pt.js" publishTime="01/16/2017 14:04:24" />
    <file relUrl="Web.config" publishTime="02/06/2017 09:13:12" />
    <file relUrl="bower_components/moment/locale/de.js" publishTime="01/16/2017 14:04:24" />
    <file relUrl="bower_components/jquery/src/var/hasOwn.js" publishTime="01/16/2017 14:04:24" />
    <file relUrl="bower_components/moment/src/lib/units/month.js" publishTime="01/16/2017 14:04:24" />
    <file relUrl="bower_components/moment/locale/nb.js" publishTime="01/16/2017 14:04:24" />
    <file relUrl="bower_components/moment/src/locale/uk.js" publishTime="01/16/2017 14:04:24" />
    <file relUrl="bower_components/eonasdan-bootstrap-datetimepicker/docs/theme/apple-touch-icon-144x144.png" publishTime="01/16/2017 14:04:24" />
    <file relUrl="bower_components/moment/locale/az.js" publishTime="01/16/2017 14:04:24" />
    <file relUrl="bower_components/moment/locale/uk.js" publishTime="01/16/2017 14:04:24" />
    <file relUrl="bower_components/moment/src/locale/vi.js" publishTime="01/16/2017 14:04:24" />
    <file relUrl="bower_components/moment/src/locale/uz.js" publishTime="01/16/2017 14:04:24" />
    <file relUrl="bower_components/jquery/src/ajax/script.js" publishTime="01/16/2017 14:04:24" />
    <file relUrl="bower_components/jquery/dist/jquery.slim.js" publishTime="01/16/2017 14:04:24" />
    <file relUrl="bower_components/moment/src/lib/locale/locales.js" publishTime="01/16/2017 14:04:24" />
    <file relUrl="bower_components/moment/locale/fi.js" publishTime="01/16/2017 14:04:24" />
    <file relUrl="bower_components/jquery/src/deprecated.js" publishTime="01/16/2017 14:04:24" />
    <file relUrl="bower_components/eonasdan-bootstrap-datetimepicker/docs/theme/apple-touch-icon-120x120.png" publishTime="01/16/2017 14:04:24" />
    <file relUrl="bower_components/moment/src/locale/bn.js" publishTime="01/16/2017 14:04:24" />
    <file relUrl="bower_components/moment/src/lib/units/minute.js" publishTime="01/16/2017 14:04:24" />
    <file relUrl="bower_components/jquery/src/core/DOMEval.js" publishTime="01/16/2017 14:04:24" />
    <file relUrl="bower_components/moment/src/locale/gl.js" publishTime="01/16/2017 14:04:24" />
    <file relUrl="bower_components/jquery/src/core.js" publishTime="01/16/2017 14:04:24" />
    <file relUrl="bower_components/moment/locale/yo.js" publishTime="01/16/2017 14:04:24" />
    <file relUrl="bower_components/moment/locale/tzm-latn.js" publishTime="01/16/2017 14:04:24" />
    <file relUrl="bower_components/eonasdan-bootstrap-datetimepicker/docs/theme/mstile-310x310.png" publishTime="01/16/2017 14:04:24" />
    <file relUrl="bower_components/moment/locale/fo.js" publishTime="01/16/2017 14:04:24" />
    <file relUrl="bower_components/eonasdan-bootstrap-datetimepicker/docs/theme/js/base.js" publishTime="01/16/2017 14:04:24" />
    <file relUrl="bower_components/moment/src/locale/km.js" publishTime="01/16/2017 14:04:24" />
    <file relUrl="bower_components/moment/src/lib/locale/relative.js" publishTime="01/16/2017 14:04:24" />
    <file relUrl="css/bootstrap.css" publishTime="01/16/2017 14:04:24" />
    <file relUrl="bower_components/moment/locale/ar.js" publishTime="01/16/2017 14:04:24" />
    <file relUrl="bower_components/moment/src/lib/utils/is-number.js" publishTime="01/16/2017 14:04:24" />
    <file relUrl="bower_components/moment/templates/locale-header.js" publishTime="01/16/2017 14:04:24" />
    <file relUrl="bower_components/eonasdan-bootstrap-datetimepicker/docs/theme/apple-touch-icon-76x76.png" publishTime="01/16/2017 14:04:24" />
    <file relUrl="bower_components/moment/src/locale/br.js" publishTime="01/16/2017 14:04:24" />
    <file relUrl="bower_components/moment/src/lib/units/week-calendar-utils.js" publishTime="01/16/2017 14:04:24" />
    <file relUrl="SALAM/Debit_Note.aspx" publishTime="01/17/2017 15:43:36" />
    <file relUrl="bower_components/moment/locale/en-gb.js" publishTime="01/16/2017 14:04:24" />
    <file relUrl="bower_components/moment/locale/hy-am.js" publishTime="01/16/2017 14:04:24" />
    <file relUrl="bower_components/jquery/src/attributes/prop.js" publishTime="01/16/2017 14:04:24" />
    <file relUrl="bower_components/moment/locale/ms.js" publishTime="01/16/2017 14:04:24" />
    <file relUrl="bower_components/eonasdan-bootstrap-datetimepicker/docs/theme/toc.html" publishTime="01/16/2017 14:04:24" />
    <file relUrl="bower_components/moment/locale/gd.js" publishTime="01/16/2017 14:04:24" />
    <file relUrl="bower_components/moment/locale/sr-cyrl.js" publishTime="01/16/2017 14:04:24" />
    <file relUrl="bower_components/moment/src/lib/utils/extend.js" publishTime="01/16/2017 14:04:24" />
    <file relUrl="bower_components/moment/src/locale/zh-cn.js" publishTime="01/16/2017 14:04:24" />
    <file relUrl="bower_components/moment/src/locale/fr-ca.js" publishTime="01/16/2017 14:04:24" />
    <file relUrl="bower_components/jquery/src/traversing/var/siblings.js" publishTime="01/16/2017 14:04:24" />
    <file relUrl="dist/css/bootstrap-responsive.min.css" publishTime="01/16/2017 14:04:24" />
    <file relUrl="css/img/ui-icons_222222_256x240.png" publishTime="01/16/2017 14:04:24" />
    <file relUrl="bower_components/moment/src/lib/utils/is-function.js" publishTime="01/16/2017 14:04:24" />
    <file relUrl="bower_components/moment/src/lib/create/from-string-and-array.js" publishTime="01/16/2017 14:04:24" />
    <file relUrl="bower_components/moment/src/lib/units/priorities.js" publishTime="01/16/2017 14:04:24" />
    <file relUrl="bower_components/moment/src/lib/duration/duration.js" publishTime="01/16/2017 14:04:24" />
    <file relUrl="Images/MAMC Logo - Final without line-f.png" publishTime="01/30/2017 16:01:29" />
    <file relUrl="bower_components/moment/locale/mi.js" publishTime="01/16/2017 14:04:24" />
    <file relUrl="bower_components/eonasdan-bootstrap-datetimepicker/build/css/bootstrap-datetimepicker.css" publishTime="01/16/2017 14:04:24" />
    <file relUrl="bower_components/moment/src/locale/sv.js" publishTime="01/16/2017 14:04:24" />
    <file relUrl="bower_components/eonasdan-bootstrap-datetimepicker/docs/theme/mstile-70x70.png" publishTime="01/16/2017 14:04:24" />
    <file relUrl="bower_components/moment/src/lib/moment/valid.js" publishTime="01/16/2017 14:04:24" />
    <file relUrl="bower_components/moment/locale/ar-ly.js" publishTime="01/16/2017 14:04:24" />
    <file relUrl="bower_components/moment/locale/vi.js" publishTime="01/16/2017 14:04:24" />
    <file relUrl="bower_components/jquery/src/core/readyException.js" publishTime="01/16/2017 14:04:24" />
    <file relUrl="MURABAHA/family_details.aspx" publishTime="02/06/2017 13:17:57" />
    <file relUrl="bower_components/moment/locale/sv.js" publishTime="01/16/2017 14:04:24" />
    <file relUrl="bower_components/moment/src/locale/ko.js" publishTime="01/16/2017 14:04:24" />
    <file relUrl="js/jquery-1.7.2.min.js" publishTime="01/16/2017 14:04:24" />
    <file relUrl="bower_components/moment/templates/default.js" publishTime="01/16/2017 14:04:24" />
    <file relUrl="bower_components/moment/locale/zh-cn.js" publishTime="01/16/2017 14:04:24" />
    <file relUrl="bower_components/moment/src/locale/x-pseudo.js" publishTime="01/16/2017 14:04:24" />
    <file relUrl="bower_components/jquery/src/var/pnum.js" publishTime="01/16/2017 14:04:24" />
    <file relUrl="bower_components/moment/src/locale/he.js" publishTime="01/16/2017 14:04:24" />
    <file relUrl="bower_components/moment/src/locale/ar-ly.js" publishTime="01/16/2017 14:04:24" />
    <file relUrl="bower_components/moment/locale/th.js" publishTime="01/16/2017 14:04:24" />
    <file relUrl="MURABAHA/loan_details.aspx" publishTime="02/06/2017 12:54:21" />
    <file relUrl="bower_components/eonasdan-bootstrap-datetimepicker/docs/theme/apple-touch-icon.png" publishTime="01/16/2017 14:04:24" />
    <file relUrl="bower_components/moment/locale/ar-ma.js" publishTime="01/16/2017 14:04:24" />
    <file relUrl="bower_components/moment/src/locale/bg.js" publishTime="01/16/2017 14:04:24" />
    <file relUrl="bower_components/moment/src/locale/fr-ch.js" publishTime="01/16/2017 14:04:24" />
    <file relUrl="MURABAHA/Service_Charges.aspx" publishTime="02/08/2017 11:10:44" />
    <file relUrl="bower_components/moment/locale/es.js" publishTime="01/16/2017 14:04:24" />
    <file relUrl="bower_components/moment/locale/ar-tn.js" publishTime="01/16/2017 14:04:24" />
    <file relUrl="bower_components/moment/src/lib/locale/set.js" publishTime="01/16/2017 14:04:24" />
    <file relUrl="bower_components/moment/src/locale/ka.js" publishTime="01/16/2017 14:04:24" />
    <file relUrl="MURABAHA/add_cro.aspx" publishTime="01/16/2017 23:16:30" />
    <file relUrl="bower_components/moment/locale/lt.js" publishTime="01/16/2017 14:04:24" />
    <file relUrl="bower_components/jquery/src/var/arr.js" publishTime="01/16/2017 14:04:24" />
    <file relUrl="js/bootstrap.min.js" publishTime="01/16/2017 14:04:24" />
    <file relUrl="bower_components/moment/locale/he.js" publishTime="01/16/2017 14:04:24" />
    <file relUrl="bower_components/moment/src/lib/moment/diff.js" publishTime="01/16/2017 14:04:24" />
    <file relUrl="bower_components/moment/src/locale/fo.js" publishTime="01/16/2017 14:04:24" />
    <file relUrl="bower_components/moment/src/locale/tlh.js" publishTime="01/16/2017 14:04:24" />
    <file relUrl="bower_components/moment/src/locale/tzm.js" publishTime="01/16/2017 14:04:24" />
    <file relUrl="bower_components/jquery/src/css/adjustCSS.js" publishTime="01/16/2017 14:04:24" />
    <file relUrl="MURABAHA/Chequ_Cancel.aspx" publishTime="01/16/2017 14:04:24" />
    <file relUrl="bower_components/moment/locale/eu.js" publishTime="01/16/2017 14:04:24" />
    <file relUrl="bower_components/moment/src/lib/create/utc.js" publishTime="01/16/2017 14:04:24" />
    <file relUrl="under-constrction.aspx" publishTime="01/30/2017 11:05:50" />
    <file relUrl="bower_components/moment/src/lib/units/hour.js" publishTime="01/16/2017 14:04:24" />
    <file relUrl="bower_components/moment/src/lib/moment/add-subtract.js" publishTime="01/16/2017 14:04:24" />
    <file relUrl="bower_components/jquery/src/event/focusin.js" publishTime="01/16/2017 14:04:24" />
    <file relUrl="bower_components/jquery/src/jquery.js" publishTime="01/16/2017 14:04:24" />
    <file relUrl="bower_components/moment/src/locale/tr.js" publishTime="01/16/2017 14:04:24" />
    <file relUrl="bower_components/moment/src/lib/units/aliases.js" publishTime="01/16/2017 14:04:24" />
    <file relUrl="bower_components/moment/src/locale/sk.js" publishTime="01/16/2017 14:04:24" />
    <file relUrl="bower_components/moment/locale/fr.js" publishTime="01/16/2017 14:04:24" />
    <file relUrl="bower_components/jquery/src/css/hiddenVisibleSelectors.js" publishTime="01/16/2017 14:04:24" />
    <file relUrl="bower_components/jquery/external/sizzle/dist/sizzle.min.js" publishTime="01/16/2017 14:04:24" />
    <file relUrl="bower_components/moment/locale/kk.js" publishTime="01/16/2017 14:04:24" />
    <file relUrl="Login.aspx" publishTime="01/17/2017 00:07:14" />
    <file relUrl="bower_components/moment/src/locale/cy.js" publishTime="01/16/2017 14:04:24" />
    <file relUrl="bower_components/moment/src/lib/locale/calendar.js" publishTime="01/16/2017 14:04:24" />
    <file relUrl="bower_components/jquery/src/var/support.js" publishTime="01/16/2017 14:04:24" />
    <file relUrl="bower_components/jquery/src/manipulation/var/rscriptType.js" publishTime="01/16/2017 14:04:24" />
    <file relUrl="bower_components/moment/src/locale/af.js" publishTime="01/16/2017 14:04:24" />
    <file relUrl="css/font-awesome-ie7.min.css" publishTime="01/16/2017 14:04:24" />
    <file relUrl="bower_components/jquery/src/selector.js" publishTime="01/16/2017 14:04:24" />
    <file relUrl="bower_components/moment/locale/ca.js" publishTime="01/16/2017 14:04:24" />
    <file relUrl="bower_components/moment/src/locale/es-do.js" publishTime="01/16/2017 14:04:24" />
    <file relUrl="bower_components/moment/src/lib/create/from-string-and-format.js" publishTime="01/16/2017 14:04:24" />
    <file relUrl="SALAM/loan_approval.aspx" publishTime="02/08/2017 11:10:44" />
    <file relUrl="bower_components/moment/src/locale/fi.js" publishTime="01/16/2017 14:04:24" />
    <file relUrl="dist/js/footer.js" publishTime="01/16/2017 23:37:18" />
    <file relUrl="bower_components/moment/locale/tet.js" publishTime="01/16/2017 14:04:24" />
    <file relUrl="SALAM/center_create.aspx" publishTime="01/16/2017 22:25:07" />
    <file relUrl="bower_components/eonasdan-bootstrap-datetimepicker/docs/theme/css/prettify-1.0.css" publishTime="01/16/2017 14:04:24" />
    <file relUrl="bower_components/moment/locale/af.js" publishTime="01/16/2017 14:04:24" />
    <file relUrl="bower_components/moment/src/lib/moment/calendar.js" publishTime="01/16/2017 14:04:24" />
    <file relUrl="bower_components/moment/locale/nl-be.js" publishTime="01/16/2017 14:04:24" />
    <file relUrl="bower_components/jquery/src/event.js" publishTime="01/16/2017 14:04:24" />
    <file relUrl="SALAM/BranchAdd.aspx" publishTime="02/01/2017 14:30:15" />
    <file relUrl="MURABAHA/agreement.aspx" publishTime="01/16/2017 22:46:59" />
    <file relUrl="bower_components/jquery/src/manipulation/setGlobalEval.js" publishTime="01/16/2017 14:04:24" />
    <file relUrl="bower_components/moment/src/lib/units/week-year.js" publishTime="01/16/2017 14:04:24" />
    <file relUrl="bower_components/moment/locale/tlh.js" publishTime="01/16/2017 14:04:24" />
    <file relUrl="bower_components/moment/src/locale/lv.js" publishTime="01/16/2017 14:04:24" />
    <file relUrl="bower_components/jquery/src/var/indexOf.js" publishTime="01/16/2017 14:04:24" />
    <file relUrl="bower_components/moment/src/lib/create/from-array.js" publishTime="01/16/2017 14:04:24" />
    <file relUrl="bower_components/moment/src/lib/utils/abs-floor.js" publishTime="01/16/2017 14:04:24" />
    <file relUrl="bower_components/jquery/src/event/trigger.js" publishTime="01/16/2017 14:04:24" />
    <file relUrl="bower_components/moment/src/lib/units/units.js" publishTime="01/16/2017 14:04:24" />
    <file relUrl="bower_components/jquery/src/manipulation/var/rtagName.js" publishTime="01/16/2017 14:04:24" />
    <file relUrl="bower_components/jquery/src/css.js" publishTime="01/16/2017 14:04:24" />
    <file relUrl="bower_components/jquery/src/var/rnothtmlwhite.js" publishTime="01/16/2017 14:04:24" />
    <file relUrl="bower_components/moment/src/locale/ss.js" publishTime="01/16/2017 14:04:24" />
    <file relUrl="bower_components/moment/src/locale/my.js" publishTime="01/16/2017 14:04:24" />
    <file relUrl="bower_components/moment/locale/ky.js" publishTime="01/16/2017 14:04:24" />
    <file relUrl="bower_components/moment/locale/lv.js" publishTime="01/16/2017 14:04:24" />
    <file relUrl="bower_components/moment/src/locale/ja.js" publishTime="01/16/2017 14:04:24" />
    <file relUrl="bower_components/moment/src/lib/duration/prototype.js" publishTime="01/16/2017 14:04:24" />
    <file relUrl="bower_components/jquery/dist/jquery.js" publishTime="01/16/2017 14:04:24" />
    <file relUrl="bower_components/eonasdan-bootstrap-datetimepicker/docs/theme/android-chrome-72x72.png" publishTime="01/16/2017 14:04:24" />
    <file relUrl="bower_components/moment/src/lib/locale/invalid.js" publishTime="01/16/2017 14:04:24" />
    <file relUrl="bower_components/moment/locale/ta.js" publishTime="01/16/2017 14:04:24" />
    <file relUrl="bower_components/moment/templates/test-header.js" publishTime="01/16/2017 14:04:24" />
    <file relUrl="bower_components/moment/src/locale/fr.js" publishTime="01/16/2017 14:04:24" />
    <file relUrl="bower_components/jquery/src/data/Data.js" publishTime="01/16/2017 14:04:24" />
    <file relUrl="bower_components/moment/locale/nn.js" publishTime="01/16/2017 14:04:24" />
    <file relUrl="MURABAHA/Loan_Detail_Report.aspx" publishTime="02/08/2017 12:49:50" />
    <file relUrl="bower_components/moment/locale/ar-dz.js" publishTime="01/16/2017 14:04:24" />
    <file relUrl="bower_components/moment/src/lib/duration/constructor.js" publishTime="01/16/2017 14:04:24" />
    <file relUrl="bower_components/eonasdan-bootstrap-datetimepicker/docs/theme/content.html" publishTime="01/16/2017 14:04:24" />
    <file relUrl="bower_components/moment/locale/sl.js" publishTime="01/16/2017 14:04:24" />
    <file relUrl="bower_components/jquery/src/event/support.js" publishTime="01/16/2017 14:04:24" />
    <file relUrl="bower_components/moment/locale/tzl.js" publishTime="01/16/2017 14:04:24" />
    <file relUrl="bower_components/moment/src/lib/duration/iso-string.js" publishTime="01/16/2017 14:04:24" />
    <file relUrl="bower_components/moment/src/locale/de.js" publishTime="01/16/2017 14:04:24" />
    <file relUrl="dist/css/bootstrap.css" publishTime="01/16/2017 14:04:24" />
    <file relUrl="bower_components/moment/src/locale/eo.js" publishTime="01/16/2017 14:04:24" />
    <file relUrl="css/img/ui-icons_cd0a0a_256x240.png" publishTime="01/16/2017 14:04:24" />
    <file relUrl="bower_components/moment/src/locale/en-ie.js" publishTime="01/16/2017 14:04:24" />
    <file relUrl="bower_components/jquery/src/var/getProto.js" publishTime="01/16/2017 14:04:24" />
    <file relUrl="bower_components/eonasdan-bootstrap-datetimepicker/docs/theme/android-chrome-96x96.png" publishTime="01/16/2017 14:04:24" />
    <file relUrl="MURABAHA/ViewLoanDetails.aspx" publishTime="02/07/2017 16:40:50" />
    <file relUrl="MURABAHA/Center_details_Report.aspx" publishTime="02/08/2017 11:09:07" />
    <file relUrl="bower_components/eonasdan-bootstrap-datetimepicker/docs/theme/favicon-16x16.png" publishTime="01/16/2017 14:04:24" />
    <file relUrl="bower_components/moment/src/locale/be.js" publishTime="01/16/2017 14:04:24" />
    <file relUrl="SALAM/family_details.aspx" publishTime="02/07/2017 09:32:47" />
    <file relUrl="bower_components/moment/src/locale/cs.js" publishTime="01/16/2017 14:04:24" />
    <file relUrl="bower_components/moment/src/lib/duration/get.js" publishTime="01/16/2017 14:04:24" />
    <file relUrl="bower_components/moment/locale/en-au.js" publishTime="01/16/2017 14:04:24" />
    <file relUrl="bower_components/eonasdan-bootstrap-datetimepicker/docs/theme/js/prettify-1.0.min.js" publishTime="01/16/2017 14:04:24" />
    <file relUrl="bower_components/moment/locale/fy.js" publishTime="01/16/2017 14:04:24" />
    <file relUrl="bower_components/jquery/src/manipulation/support.js" publishTime="01/16/2017 14:04:24" />
    <file relUrl="SALAM/Service_Charges.aspx" publishTime="02/08/2017 11:10:44" />
    <file relUrl="bower_components/moment/locale/ka.js" publishTime="01/16/2017 14:04:24" />
    <file relUrl="dist/js/bootstrap.js" publishTime="01/16/2017 14:04:24" />
    <file relUrl="bower_components/jquery/src/selector-native.js" publishTime="01/16/2017 14:04:24" />
    <file relUrl="bower_components/moment/src/lib/units/timestamp.js" publishTime="01/16/2017 14:04:24" />
    <file relUrl="bower_components/eonasdan-bootstrap-datetimepicker/build/css/bootstrap-datetimepicker-standalone.css" publishTime="01/16/2017 14:04:24" />
    <file relUrl="bower_components/moment/locale/be.js" publishTime="01/16/2017 14:04:24" />
    <file relUrl="MURABAHA/family_appraisal.aspx" publishTime="02/06/2017 12:54:21" />
    <file relUrl="bower_components/jquery/external/sizzle/dist/sizzle.js" publishTime="01/16/2017 14:04:24" />
    <file relUrl="bower_components/jquery/src/attributes/classes.js" publishTime="01/16/2017 14:04:24" />
    <file relUrl="bower_components/moment/src/lib/units/year.js" publishTime="01/16/2017 14:04:24" />
    <file relUrl="bower_components/moment/src/lib/create/valid.js" publishTime="01/16/2017 14:04:24" />
    <file relUrl="MURABAHA/Edit_Guarantor.aspx" publishTime="02/07/2017 15:42:22" />
    <file relUrl="MURABAHA/Change_CRO.aspx" publishTime="01/18/2017 00:41:23" />
    <file relUrl="bower_components/moment/src/locale/dv.js" publishTime="01/16/2017 14:04:24" />
    <file relUrl="bower_components/jquery/src/exports/global.js" publishTime="01/16/2017 14:04:24" />
    <file relUrl="bower_components/moment/src/lib/units/day-of-month.js" publishTime="01/16/2017 14:04:24" />
    <file relUrl="bower_components/moment/src/lib/moment/min-max.js" publishTime="01/16/2017 14:04:24" />
    <file relUrl="MuslimAID.Master" publishTime="01/20/2017 15:50:14" />
    <file relUrl="bower_components/moment/src/locale/pa-in.js" publishTime="01/16/2017 14:04:24" />
    <file relUrl="Images/Murabaha.jpg" publishTime="01/16/2017 14:04:24" />
    <file relUrl="bower_components/moment/locale/x-pseudo.js" publishTime="01/16/2017 14:04:24" />
    <file relUrl="bower_components/jquery/src/var/slice.js" publishTime="01/16/2017 14:04:24" />
    <file relUrl="bower_components/moment/locale/si.js" publishTime="01/16/2017 14:04:24" />
    <file relUrl="bower_components/moment/src/lib/create/check-overflow.js" publishTime="01/16/2017 14:04:24" />
    <file relUrl="bower_components/moment/src/locale/el.js" publishTime="01/16/2017 14:04:24" />
    <file relUrl="MURABAHA/Add_Village.aspx" publishTime="01/16/2017 14:04:24" />
    <file relUrl="bower_components/eonasdan-bootstrap-datetimepicker/docs/theme/mstile-310x150.png" publishTime="01/16/2017 14:04:24" />
    <file relUrl="css/img/ui-icons_454545_256x240.png" publishTime="01/16/2017 14:04:24" />
    <file relUrl="bower_components/moment/src/locale/ca.js" publishTime="01/16/2017 14:04:24" />
    <file relUrl="bower_components/jquery/src/css/showHide.js" publishTime="01/16/2017 14:04:24" />
    <file relUrl="bower_components/jquery/src/var/push.js" publishTime="01/16/2017 14:04:24" />
    <file relUrl="bower_components/moment/locale/es-do.js" publishTime="01/16/2017 14:04:24" />
    <file relUrl="bower_components/moment/locale/my.js" publishTime="01/16/2017 14:04:24" />
    <file relUrl="bower_components/moment/locale/pt.js" publishTime="01/16/2017 14:04:24" />
    <file relUrl="bower_components/jquery/src/css/var/rmargin.js" publishTime="01/16/2017 14:04:24" />
    <file relUrl="bower_components/jquery/src/css/var/swap.js" publishTime="01/16/2017 14:04:24" />
    <file relUrl="bower_components/moment/min/tests.js" publishTime="01/16/2017 14:04:24" />
    <file relUrl="bower_components/moment/src/locale/ar-dz.js" publishTime="01/16/2017 14:04:24" />
    <file relUrl="bower_components/moment/locale/br.js" publishTime="01/16/2017 14:04:24" />
    <file relUrl="Images/Salam.jpg" publishTime="01/16/2017 14:04:24" />
    <file relUrl="bower_components/moment/src/locale/gd.js" publishTime="01/16/2017 14:04:24" />
    <file relUrl="SALAM/repayment.aspx" publishTime="02/07/2017 09:52:32" />
    <file relUrl="css/bootstrap.min.css" publishTime="01/16/2017 14:04:24" />
    <file relUrl="bower_components/moment/locale/ne.js" publishTime="01/16/2017 14:04:24" />
    <file relUrl="MURABAHA/business_details.aspx" publishTime="02/06/2017 12:54:21" />
    <file relUrl="bower_components/eonasdan-bootstrap-datetimepicker/Gruntfile.js" publishTime="01/16/2017 14:04:24" />
    <file relUrl="bower_components/jquery/src/var/ObjectFunctionString.js" publishTime="01/16/2017 14:04:24" />
    <file relUrl="bower_components/moment/locale/sw.js" publishTime="01/16/2017 14:04:24" />
    <file relUrl="Login.Master" publishTime="01/20/2017 15:50:17" />
    <file relUrl="bower_components/moment/src/lib/duration/as.js" publishTime="01/16/2017 14:04:24" />
    <file relUrl="SALAM/basic_details.aspx" publishTime="02/06/2017 22:50:55" />
    <file relUrl="bower_components/moment/src/locale/ar-tn.js" publishTime="01/16/2017 14:04:24" />
    <file relUrl="bower_components/moment/locale/hi.js" publishTime="01/16/2017 14:04:24" />
    <file relUrl="Images/signin/user.png" publishTime="01/16/2017 14:04:24" />
    <file relUrl="bower_components/moment/locale/km.js" publishTime="01/16/2017 14:04:24" />
    <file relUrl="bower_components/jquery/src/manipulation/_evalUrl.js" publishTime="01/16/2017 14:04:24" />
    <file relUrl="MURABAHA/ChequeBookRegistry.aspx" publishTime="01/18/2017 00:43:11" />
    <file relUrl="bower_components/moment/src/locale/hu.js" publishTime="01/16/2017 14:04:24" />
    <file relUrl="bower_components/moment/src/lib/moment/to-type.js" publishTime="01/16/2017 14:04:24" />
    <file relUrl="Images/signin/password.png" publishTime="01/16/2017 14:04:24" />
    <file relUrl="bower_components/moment/locale/zh-tw.js" publishTime="01/16/2017 14:04:24" />
    <file relUrl="bower_components/moment/locale/gl.js" publishTime="01/16/2017 14:04:24" />
    <file relUrl="bower_components/moment/src/lib/moment/from.js" publishTime="01/16/2017 14:04:24" />
    <file relUrl="dist/css/font-awesome.min.css" publishTime="01/16/2017 14:04:24" />
    <file relUrl="bower_components/jquery/src/ajax/load.js" publishTime="01/16/2017 14:04:24" />
    <file relUrl="bower_components/jquery/src/var/rcssNum.js" publishTime="01/16/2017 14:04:24" />
    <file relUrl="js/jquery.validation.net.webforms.js" publishTime="01/16/2017 14:04:24" />
    <file relUrl="bower_components/moment/min/moment-with-locales.js" publishTime="01/16/2017 14:04:24" />
    <file relUrl="bower_components/moment/src/lib/utils/abs-round.js" publishTime="01/16/2017 14:04:24" />
    <file relUrl="bower_components/moment/locale/hu.js" publishTime="01/16/2017 14:04:24" />
    <file relUrl="bower_components/moment/src/locale/nl.js" publishTime="01/16/2017 14:04:24" />
    <file relUrl="bower_components/moment/locale/tr.js" publishTime="01/16/2017 14:04:24" />
    <file relUrl="bower_components/eonasdan-bootstrap-datetimepicker/docs/theme/apple-touch-icon-57x57.png" publishTime="01/16/2017 14:04:24" />
    <file relUrl="bower_components/jquery/src/css/var/cssExpand.js" publishTime="01/16/2017 14:04:24" />
    <file relUrl="bower_components/moment/src/lib/utils/abs-ceil.js" publishTime="01/16/2017 14:04:24" />
    <file relUrl="bower_components/jquery/src/event/ajax.js" publishTime="01/16/2017 14:04:24" />
    <file relUrl="bower_components/moment/locale/is.js" publishTime="01/16/2017 14:04:24" />
    <file relUrl="bower_components/moment/locale/da.js" publishTime="01/16/2017 14:04:24" />
    <file relUrl="bower_components/jquery/src/data/var/dataPriv.js" publishTime="01/16/2017 14:04:24" />
    <file relUrl="bower_components/moment/src/locale/eu.js" publishTime="01/16/2017 14:04:24" />
    <file relUrl="bower_components/moment/locale/se.js" publishTime="01/16/2017 14:04:24" />
    <file relUrl="bower_components/jquery/src/exports/amd.js" publishTime="01/16/2017 14:04:24" />
    <file relUrl="bower_components/moment/src/locale/it.js" publishTime="01/16/2017 14:04:24" />
    <file relUrl="bower_components/jquery/src/ajax/xhr.js" publishTime="01/16/2017 14:04:24" />
    <file relUrl="bower_components/jquery/src/effects/animatedSelector.js" publishTime="01/16/2017 14:04:24" />
    <file relUrl="css/img/ui-icons_888888_256x240.png" publishTime="01/16/2017 14:04:24" />
    <file relUrl="MURABAHA/ViewChequDetails.aspx" publishTime="02/07/2017 19:21:00" />
    <file relUrl="bower_components/moment/src/lib/utils/map.js" publishTime="01/16/2017 14:04:24" />
    <file relUrl="bin/Microsoft.Vbe.Interop.dll" publishTime="04/26/2007 15:33:34" />
    <file relUrl="MURABAHA/Voucher_Cancel.aspx" publishTime="02/08/2017 11:10:44" />
    <file relUrl="Logout.aspx" publishTime="01/16/2017 23:59:43" />
    <file relUrl="bower_components/jquery/src/css/var/isHiddenWithinTree.js" publishTime="01/16/2017 14:04:24" />
    <file relUrl="muslimaid.aspx" publishTime="01/16/2017 23:45:09" />
    <file relUrl="bower_components/moment/locale/en-ie.js" publishTime="01/16/2017 14:04:24" />
    <file relUrl="bower_components/eonasdan-bootstrap-datetimepicker/docs/theme/apple-touch-icon-152x152.png" publishTime="01/16/2017 14:04:24" />
    <file relUrl="bower_components/eonasdan-bootstrap-datetimepicker/docs/theme/apple-touch-icon-180x180.png" publishTime="01/16/2017 14:04:24" />
    <file relUrl="bin/Microsoft.Office.Interop.Excel.dll" publishTime="04/26/2007 15:32:52" />
    <file relUrl="bower_components/moment/src/locale/ru.js" publishTime="01/16/2017 14:04:24" />
    <file relUrl="bower_components/jquery/src/traversing.js" publishTime="01/16/2017 14:04:24" />
    <file relUrl="bower_components/moment/min/locales.min.js" publishTime="01/16/2017 14:04:24" />
    <file relUrl="bower_components/moment/locale/uz.js" publishTime="01/16/2017 14:04:24" />
    <file relUrl="bower_components/moment/src/locale/fy.js" publishTime="01/16/2017 14:04:24" />
    <file relUrl="bower_components/moment/src/locale/pt-br.js" publishTime="01/16/2017 14:04:24" />
    <file relUrl="dist/js/bootstrap.min.js" publishTime="01/16/2017 14:04:24" />
    <file relUrl="bower_components/moment/src/lib/units/day-of-week.js" publishTime="01/16/2017 14:04:24" />
    <file relUrl="bower_components/jquery/src/effects.js" publishTime="01/16/2017 14:04:24" />
    <file relUrl="bower_components/jquery/src/css/curCSS.js" publishTime="01/16/2017 14:04:24" />
    <file relUrl="bower_components/moment/locale/pa-in.js" publishTime="01/16/2017 14:04:24" />
    <file relUrl="bower_components/jquery/src/var/document.js" publishTime="01/16/2017 14:04:24" />
    <file relUrl="bower_components/eonasdan-bootstrap-datetimepicker/docs/theme/nav.html" publishTime="01/16/2017 14:04:24" />
    <file relUrl="bower_components/moment/src/lib/utils/defaults.js" publishTime="01/16/2017 14:04:24" />
    <file relUrl="bower_components/moment/src/locale/mi.js" publishTime="01/16/2017 14:04:24" />
    <file relUrl="bower_components/moment/src/lib/utils/has-own-prop.js" publishTime="01/16/2017 14:04:24" />
    <file relUrl="MURABAHA/supplier.aspx" publishTime="02/06/2017 17:51:33" />
    <file relUrl="bower_components/jquery/dist/jquery.min.js" publishTime="01/16/2017 14:04:24" />
    <file relUrl="bower_components/moment/locale/fr-ca.js" publishTime="01/16/2017 14:04:24" />
    <file relUrl="dist/js/base.js" publishTime="01/16/2017 14:04:24" />
    <file relUrl="bower_components/moment/src/lib/utils/index-of.js" publishTime="01/16/2017 14:04:24" />
    <file relUrl="bower_components/eonasdan-bootstrap-datetimepicker/docs/theme/android-chrome-36x36.png" publishTime="01/16/2017 14:04:24" />
    <file relUrl="bower_components/moment/src/lib/create/from-object.js" publishTime="01/16/2017 14:04:24" />
    <file relUrl="bower_components/moment/src/locale/is.js" publishTime="01/16/2017 14:04:24" />
    <file relUrl="bower_components/jquery/src/data/var/dataUser.js" publishTime="01/16/2017 14:04:24" />
    <file relUrl="bower_components/moment/src/locale/sr.js" publishTime="01/16/2017 14:04:24" />
    <file relUrl="bower_components/jquery/src/data/var/acceptData.js" publishTime="01/16/2017 14:04:24" />
    <file relUrl="bower_components/moment/src/lib/create/from-anything.js" publishTime="01/16/2017 14:04:24" />
    <file relUrl="bower_components/moment/src/locale/lb.js" publishTime="01/16/2017 14:04:24" />
    <file relUrl="bower_components/moment/locale/id.js" publishTime="01/16/2017 14:04:24" />
    <file relUrl="bower_components/moment/src/locale/jv.js" publishTime="01/16/2017 14:04:24" />
    <file relUrl="bower_components/moment/src/locale/fa.js" publishTime="01/16/2017 14:04:24" />
    <file relUrl="bower_components/moment/src/lib/moment/to.js" publishTime="01/16/2017 14:04:24" />
    <file relUrl="bower_components/jquery/src/data.js" publishTime="01/16/2017 14:04:24" />
    <file relUrl="bower_components/moment/locale/ar-sa.js" publishTime="01/16/2017 14:04:24" />
    <file relUrl="bower_components/eonasdan-bootstrap-datetimepicker/docs/theme/favicon-32x32.png" publishTime="01/16/2017 14:04:24" />
    <file relUrl="Global.asax" publishTime="01/16/2017 14:04:24" />
    <file relUrl="bower_components/moment/locale/hr.js" publishTime="01/16/2017 14:04:24" />
    <file relUrl="bower_components/moment/locale/bo.js" publishTime="01/16/2017 14:04:24" />
    <file relUrl="bower_components/moment/src/lib/moment/prototype.js" publishTime="01/16/2017 14:04:24" />
    <file relUrl="bower_components/jquery/src/attributes/val.js" publishTime="01/16/2017 14:04:24" />
    <file relUrl="bower_components/moment/src/lib/create/date-from-array.js" publishTime="01/16/2017 14:04:24" />
    <file relUrl="bower_components/moment/locale/ms-my.js" publishTime="01/16/2017 14:04:24" />
    <file relUrl="bower_components/moment/src/locale/az.js" publishTime="01/16/2017 14:04:24" />
    <file relUrl="bower_components/moment/locale/sk.js" publishTime="01/16/2017 14:04:24" />
    <file relUrl="bower_components/moment/src/locale/th.js" publishTime="01/16/2017 14:04:24" />
    <file relUrl="MURABAHA/Full_Details.aspx" publishTime="02/07/2017 23:35:27" />
    <file relUrl="bower_components/moment/src/locale/bs.js" publishTime="01/16/2017 14:04:24" />
    <file relUrl="MURABAHA/Installment_Report.aspx" publishTime="02/08/2017 12:47:17" />
    <file relUrl="bower_components/jquery/src/offset.js" publishTime="01/16/2017 14:04:24" />
    <file relUrl="bower_components/moment/locale/zh-hk.js" publishTime="01/16/2017 14:04:24" />
    <file relUrl="bin/MySql.Data.dll" publishTime="01/16/2017 14:04:24" />
    <file relUrl="MURABAHA/SettlementRebate.aspx" publishTime="01/18/2017 03:07:28" />
    <file relUrl="bower_components/moment/src/locale/mk.js" publishTime="01/16/2017 14:04:24" />
    <file relUrl="bower_components/moment/src/lib/duration/abs.js" publishTime="01/16/2017 14:04:24" />
    <file relUrl="bower_components/jquery/src/ajax/parseXML.js" publishTime="01/16/2017 14:04:24" />
    <file relUrl="bin/office.dll" publishTime="04/26/2007 15:33:34" />
    <file relUrl="MURABAHA/Reschedule.aspx" publishTime="01/18/2017 15:54:39" />
    <file relUrl="bower_components/moment/src/lib/units/timezone.js" publishTime="01/16/2017 14:04:24" />
    <file relUrl="bower_components/moment/src/lib/moment/constructor.js" publishTime="01/16/2017 14:04:24" />
    <file relUrl="bower_components/moment/src/lib/utils/is-object-empty.js" publishTime="01/16/2017 14:04:24" />
    <file relUrl="bower_components/jquery/src/traversing/var/rneedsContext.js" publishTime="01/16/2017 14:04:24" />
    <file relUrl="MURABAHA/Bulk_Payment.aspx" publishTime="02/08/2017 11:10:44" />
    <file relUrl="bower_components/moment/locale/bs.js" publishTime="01/16/2017 14:04:24" />
    <file relUrl="bower_components/moment/src/lib/utils/is-array.js" publishTime="01/16/2017 14:04:24" />
    <file relUrl="dist/fonts/glyphicons-halflings-regular.svg" publishTime="01/16/2017 14:04:24" />
    <file relUrl="bower_components/moment/locale/pt-br.js" publishTime="01/16/2017 14:04:24" />
    <file relUrl="SALAM/salam.aspx" publishTime="01/16/2017 22:38:05" />
    <file relUrl="bower_components/moment/src/locale/hr.js" publishTime="01/16/2017 14:04:24" />
    <file relUrl="bower_components/moment/src/lib/utils/hooks.js" publishTime="01/16/2017 14:04:24" />
    <file relUrl="bower_components/moment/locale/ja.js" publishTime="01/16/2017 14:04:24" />
    <file relUrl="bower_components/moment/locale/ko.js" publishTime="01/16/2017 14:04:24" />
    <file relUrl="bower_components/moment/src/locale/pl.js" publishTime="01/16/2017 14:04:24" />
    <file relUrl="bower_components/eonasdan-bootstrap-datetimepicker/docs/theme/android-chrome-48x48.png" publishTime="01/16/2017 14:04:24" />
    <file relUrl="dist/css/signin.css" publishTime="01/16/2017 14:04:24" />
    <file relUrl="bower_components/moment/src/locale/ro.js" publishTime="01/16/2017 14:04:24" />
    <file relUrl="dist/js/jquery.min.js" publishTime="01/16/2017 14:04:24" />
    <file relUrl="bower_components/jquery/src/core/var/rsingleTag.js" publishTime="01/16/2017 14:04:24" />
    <file relUrl="bower_components/moment/src/lib/units/second.js" publishTime="01/16/2017 14:04:24" />
    <file relUrl="bower_components/moment/src/locale/tet.js" publishTime="01/16/2017 14:04:24" />
    <file relUrl="MURABAHA/Chequ_Approval.aspx" publishTime="02/08/2017 11:10:44" />
    <file relUrl="bower_components/jquery/src/css/var/rnumnonpx.js" publishTime="01/16/2017 14:04:24" />
    <file relUrl="bower_components/eonasdan-bootstrap-datetimepicker/docs/theme/mstile-144x144.png" publishTime="01/16/2017 14:04:24" />
    <file relUrl="bower_components/moment/src/lib/locale/lists.js" publishTime="01/16/2017 14:04:24" />
    <file relUrl="bower_components/moment/src/locale/nn.js" publishTime="01/16/2017 14:04:24" />
    <file relUrl="bower_components/moment/src/lib/moment/now.js" publishTime="01/16/2017 14:04:24" />
    <file relUrl="bower_components/moment/src/locale/se.js" publishTime="01/16/2017 14:04:24" />
    <file relUrl="bower_components/jquery/src/var/fnToString.js" publishTime="01/16/2017 14:04:24" />
    <file relUrl="css/img/ui-icons_2e83ff_256x240.png" publishTime="01/16/2017 14:04:24" />
    <file relUrl="MURABAHA/Edit_Center_Detail.aspx" publishTime="01/18/2017 00:41:23" />
    <file relUrl="bower_components/moment/locale/mk.js" publishTime="01/16/2017 14:04:24" />
    <file relUrl="bower_components/moment/src/locale/en-au.js" publishTime="01/16/2017 14:04:24" />
    <file relUrl="bower_components/moment/src/lib/moment/compare.js" publishTime="01/16/2017 14:04:24" />
    <file relUrl="bower_components/moment/src/lib/utils/some.js" publishTime="01/16/2017 14:04:24" />
    <file relUrl="bower_components/eonasdan-bootstrap-datetimepicker/build/js/bootstrap-datetimepicker.min.js" publishTime="01/16/2017 14:04:24" />
    <file relUrl="MURABAHA/WayOffAmount.aspx" publishTime="01/18/2017 15:57:45" />
    <file relUrl="bower_components/moment/src/locale/lt.js" publishTime="01/16/2017 14:04:24" />
    <file relUrl="bower_components/moment/locale/et.js" publishTime="01/16/2017 14:04:24" />
    <file relUrl="js/jquery.validation.net.webforms.min.js" publishTime="01/16/2017 14:04:24" />
    <file relUrl="bower_components/jquery/LICENSE.txt" publishTime="01/16/2017 14:04:24" />
    <file relUrl="bower_components/moment/src/locale/ta.js" publishTime="01/16/2017 14:04:24" />
    <file relUrl="bower_components/jquery/src/manipulation/var/rcheckableType.js" publishTime="01/16/2017 14:04:24" />
    <file relUrl="bower_components/moment/src/locale/da.js" publishTime="01/16/2017 14:04:24" />
    <file relUrl="bower_components/moment/src/lib/create/from-string.js" publishTime="01/16/2017 14:04:24" />
    <file relUrl="bower_components/moment/src/lib/moment/locale.js" publishTime="01/16/2017 14:04:24" />
    <file relUrl="bower_components/eonasdan-bootstrap-datetimepicker/docs/theme/favicon-96x96.png" publishTime="01/16/2017 14:04:24" />
    <file relUrl="dist/css/bootstrap-theme.css" publishTime="01/16/2017 14:04:24" />
    <file relUrl="bower_components/jquery/src/core/support.js" publishTime="01/16/2017 14:04:24" />
    <file relUrl="bower_components/moment/src/locale/sr-cyrl.js" publishTime="01/16/2017 14:04:24" />
    <file relUrl="bower_components/eonasdan-bootstrap-datetimepicker/docs/theme/apple-touch-icon-60x60.png" publishTime="01/16/2017 14:04:24" />
    <file relUrl="dist/css/bootstrap-theme.min.css" publishTime="01/16/2017 14:04:24" />
    <file relUrl="bower_components/moment/min/moment.min.js" publishTime="01/16/2017 14:04:24" />
    <file relUrl="bower_components/moment/src/locale/tl-ph.js" publishTime="01/16/2017 14:04:24" />
    <file relUrl="bower_components/moment/src/lib/units/millisecond.js" publishTime="01/16/2017 14:04:24" />
    <file relUrl="MURABAHA/loan_approval.aspx" publishTime="02/07/2017 16:32:28" />
    <file relUrl="bin/MuslimAID.dll" publishTime="02/27/2017 16:30:53" />
    <file relUrl="bower_components/jquery/src/manipulation/buildFragment.js" publishTime="01/16/2017 14:04:24" />
    <file relUrl="bower_components/jquery/src/css/var/getStyles.js" publishTime="01/16/2017 14:04:24" />
    <file relUrl="bower_components/moment/locale/sr.js" publishTime="01/16/2017 14:04:24" />
    <file relUrl="bower_components/moment/locale/en-nz.js" publishTime="01/16/2017 14:04:24" />
    <file relUrl="bower_components/moment/src/locale/zh-hk.js" publishTime="01/16/2017 14:04:24" />
    <file relUrl="bower_components/moment/src/locale/en-ca.js" publishTime="01/16/2017 14:04:24" />
    <file relUrl="bower_components/moment/src/lib/locale/constructor.js" publishTime="01/16/2017 14:04:24" />
    <file relUrl="bower_components/eonasdan-bootstrap-datetimepicker/docs/theme/android-chrome-144x144.png" publishTime="01/16/2017 14:04:24" />
    <file relUrl="bower_components/moment/src/lib/duration/bubble.js" publishTime="01/16/2017 14:04:24" />
    <file relUrl="css/font-awesome.css" publishTime="01/16/2017 14:04:24" />
    <file relUrl="css/img/ui-bg_glass_95_fef1ec_1x400.png" publishTime="01/16/2017 14:04:24" />
    <file relUrl="bower_components/moment/locale/fa.js" publishTime="01/16/2017 14:04:24" />
    <file relUrl="bower_components/jquery/src/core/ready-no-deferred.js" publishTime="01/16/2017 14:04:24" />
    <file relUrl="bower_components/moment/src/lib/units/week.js" publishTime="01/16/2017 14:04:24" />
    <file relUrl="dist/css/sb-admin.css" publishTime="01/16/2017 14:04:24" />
    <file relUrl="js/jquery.validate.min.js" publishTime="01/16/2017 14:04:24" />
    <file relUrl="bower_components/eonasdan-bootstrap-datetimepicker/docs/theme/browserconfig.xml" publishTime="01/16/2017 14:04:24" />
    <file relUrl="bower_components/moment/src/locale/de-at.js" publishTime="01/16/2017 14:04:24" />
    <file relUrl="bower_components/jquery/src/core/ready.js" publishTime="01/16/2017 14:04:24" />
    <file relUrl="bower_components/jquery/src/css/support.js" publishTime="01/16/2017 14:04:24" />
    <file relUrl="dist/js/npm.js" publishTime="01/16/2017 14:04:24" />
    <file relUrl="bower_components/eonasdan-bootstrap-datetimepicker/docs/theme/base.html" publishTime="01/16/2017 14:04:24" />
    <file relUrl="font/fontawesome-webfont.svg" publishTime="01/16/2017 14:04:24" />
    <file relUrl="bower_components/moment/min/moment-with-locales.min.js" publishTime="01/16/2017 14:04:24" />
    <file relUrl="bower_components/moment/locale/el.js" publishTime="01/16/2017 14:04:24" />
    <file relUrl="bower_components/eonasdan-bootstrap-datetimepicker/docs/theme/apple-touch-icon-114x114.png" publishTime="01/16/2017 14:04:24" />
    <file relUrl="bower_components/jquery/src/event/alias.js" publishTime="01/16/2017 14:04:24" />
    <file relUrl="bower_components/moment/src/locale/tzm-latn.js" publishTime="01/16/2017 14:04:24" />
    <file relUrl="bower_components/moment/locale/tzm.js" publishTime="01/16/2017 14:04:24" />
    <file relUrl="bower_components/moment/src/lib/utils/is-undefined.js" publishTime="01/16/2017 14:04:24" />
    <file relUrl="bower_components/jquery/src/attributes.js" publishTime="01/16/2017 14:04:24" />
    <file relUrl="bower_components/jquery/src/effects/Tween.js" publishTime="01/16/2017 14:04:24" />
    <file relUrl="bower_components/moment/src/lib/locale/pre-post-format.js" publishTime="01/16/2017 14:04:24" />
    <file relUrl="bower_components/moment/src/locale/bo.js" publishTime="01/16/2017 14:04:24" />
    <file relUrl="bower_components/moment/src/locale/si.js" publishTime="01/16/2017 14:04:24" />
    <file relUrl="bower_components/eonasdan-bootstrap-datetimepicker/docs/theme/mstile-150x150.png" publishTime="01/16/2017 14:04:24" />
    <file relUrl="bower_components/moment/src/lib/locale/formats.js" publishTime="01/16/2017 14:04:24" />
    <file relUrl="bower_components/moment/moment.d.ts" publishTime="01/16/2017 14:04:24" />
    <file relUrl="bower_components/eonasdan-bootstrap-datetimepicker/build/css/bootstrap-datetimepicker.min.css" publishTime="01/16/2017 14:04:24" />
    <file relUrl="bower_components/moment/locale/tl-ph.js" publishTime="01/16/2017 14:04:24" />
    <file relUrl="bower_components/moment/src/locale/me.js" publishTime="01/16/2017 14:04:24" />
    <file relUrl="bower_components/moment/locale/sq.js" publishTime="01/16/2017 14:04:24" />
    <file relUrl="css/img/ui-bg_glass_75_dadada_1x400.png" publishTime="01/16/2017 14:04:24" />
    <file relUrl="bower_components/moment/locale/lo.js" publishTime="01/16/2017 14:04:24" />
    <file relUrl="bower_components/moment/src/lib/moment/start-end-of.js" publishTime="01/16/2017 14:04:24" />
    <file relUrl="bower_components/moment/src/lib/units/constants.js" publishTime="01/16/2017 14:04:24" />
    <file relUrl="bower_components/moment/locale/bg.js" publishTime="01/16/2017 14:04:24" />
    <file relUrl="css/img/ui-bg_glass_65_ffffff_1x400.png" publishTime="01/16/2017 14:04:24" />
    <file relUrl="MURABAHA/client_basic_details.aspx" publishTime="02/01/2017 13:43:19" />
    <file relUrl="bower_components/moment/src/lib/utils/keys.js" publishTime="01/16/2017 14:04:24" />
    <file relUrl="bower_components/jquery/external/sizzle/LICENSE.txt" publishTime="01/16/2017 14:04:24" />
    <file relUrl="bower_components/moment/src/lib/units/offset.js" publishTime="01/16/2017 14:04:24" />
    <file relUrl="js/bootstrap.js" publishTime="01/16/2017 14:04:24" />
    <file relUrl="bower_components/moment/locale/lb.js" publishTime="01/16/2017 14:04:24" />
    <file relUrl="bower_components/moment/src/lib/moment/format.js" publishTime="01/16/2017 14:04:24" />
    <file relUrl="bower_components/jquery/src/core/parseHTML.js" publishTime="01/16/2017 14:04:24" />
    <file relUrl="bower_components/jquery/src/ajax/var/nonce.js" publishTime="01/16/2017 14:04:24" />
    <file relUrl="bower_components/jquery/src/serialize.js" publishTime="01/16/2017 14:04:24" />
    <file relUrl="bower_components/moment/src/locale/sw.js" publishTime="01/16/2017 14:04:24" />
    <file relUrl="bower_components/moment/locale/eo.js" publishTime="01/16/2017 14:04:24" />
    <file relUrl="dist/js/signin.js" publishTime="01/16/2017 14:04:24" />
    <file relUrl="bower_components/jquery/src/ajax/jsonp.js" publishTime="01/16/2017 14:04:24" />
    <file relUrl="bower_components/moment/src/locale/en-gb.js" publishTime="01/16/2017 14:04:24" />
    <file relUrl="bower_components/moment/src/locale/ky.js" publishTime="01/16/2017 14:04:24" />
    <file relUrl="SALAM/Change_CRO.aspx" publishTime="02/01/2017 14:30:17" />
    <file relUrl="bower_components/jquery/src/var/concat.js" publishTime="01/16/2017 14:04:24" />
    <file relUrl="bower_components/moment/src/lib/locale/prototype.js" publishTime="01/16/2017 14:04:24" />
    <file relUrl="bower_components/moment/src/lib/units/day-of-year.js" publishTime="01/16/2017 14:04:24" />
    <file relUrl="bower_components/moment/src/locale/sq.js" publishTime="01/16/2017 14:04:24" />
    <file relUrl="SALAM/add_cro.aspx" publishTime="01/16/2017 22:36:04" />
    <file relUrl="bower_components/moment/locale/it.js" publishTime="01/16/2017 14:04:24" />
    <file relUrl="bower_components/moment/src/locale/es.js" publishTime="01/16/2017 14:04:24" />
    <file relUrl="bin/Microsoft.VisualBasic.dll" publishTime="05/27/2014 10:09:15" />
    <file relUrl="bower_components/moment/src/lib/utils/zero-fill.js" publishTime="01/16/2017 14:04:24" />
    <file relUrl="SALAM/Add_Village.aspx" publishTime="01/16/2017 22:35:55" />
    <file relUrl="css/img/ui-bg_flat_0_aaaaaa_40x100.png" publishTime="01/16/2017 14:04:24" />
    <file relUrl="bower_components/moment/src/locale/te.js" publishTime="01/16/2017 14:04:24" />
    <file relUrl="bower_components/moment/src/lib/utils/is-date.js" publishTime="01/16/2017 14:04:24" />
    <file relUrl="bower_components/moment/locale/nl.js" publishTime="01/16/2017 14:04:24" />
    <file relUrl="MURABAHA/Rebate_Approval.aspx" publishTime="02/08/2017 11:10:44" />
    <file relUrl="bower_components/jquery/src/manipulation/getAll.js" publishTime="01/16/2017 14:04:24" />
    <file relUrl="bower_components/moment/src/locale/sl.js" publishTime="01/16/2017 14:04:24" />
    <file relUrl="bower_components/moment/src/locale/tzl.js" publishTime="01/16/2017 14:04:24" />
    <file relUrl="bower_components/jquery/src/callbacks.js" publishTime="01/16/2017 14:04:24" />
    <file relUrl="bower_components/moment/src/lib/utils/to-int.js" publishTime="01/16/2017 14:04:24" />
    <file relUrl="bower_components/moment/src/lib/units/quarter.js" publishTime="01/16/2017 14:04:24" />
    <file relUrl="bower_components/moment/src/locale/nl-be.js" publishTime="01/16/2017 14:04:24" />
    <file relUrl="bower_components/moment/locale/te.js" publishTime="01/16/2017 14:04:24" />
    <file relUrl="css/font-awesome-ie7.css" publishTime="01/16/2017 14:04:24" />
    <file relUrl="SALAM/Chequ_Cancel.aspx" publishTime="01/16/2017 22:39:11" />
    <file relUrl="bower_components/jquery/AUTHORS.txt" publishTime="01/16/2017 14:04:24" />
    <file relUrl="Images/signin/check.png" publishTime="01/16/2017 14:04:24" />
    <file relUrl="bower_components/moment/locale/dv.js" publishTime="01/16/2017 14:04:24" />
    <file relUrl="MURABAHA/Loan_Cancel.aspx" publishTime="01/18/2017 01:40:33" />
    <file relUrl="bower_components/eonasdan-bootstrap-datetimepicker/docs/theme/apple-touch-icon-precomposed.png" publishTime="01/16/2017 14:04:24" />
    <file relUrl="SALAM/family_appraisal.aspx" publishTime="02/07/2017 09:40:54" />
    <file relUrl="bower_components/jquery/src/manipulation.js" publishTime="01/16/2017 14:04:24" />
    <file relUrl="bower_components/moment/src/lib/locale/ordinal.js" publishTime="01/16/2017 14:04:24" />
    <file relUrl="bower_components/moment/src/locale/hy-am.js" publishTime="01/16/2017 14:04:24" />
    <file relUrl="bower_components/moment/src/lib/duration/add-subtract.js" publishTime="01/16/2017 14:04:24" />
    <file relUrl="bower_components/moment/locale/cy.js" publishTime="01/16/2017 14:04:24" />
    <file relUrl="bower_components/jquery/src/ajax.js" publishTime="01/16/2017 14:04:24" />
    <file relUrl="bower_components/moment/src/lib/moment/clone.js" publishTime="01/16/2017 14:04:24" />
    <file relUrl="dist/css/bootstrap.min.css" publishTime="01/16/2017 14:04:24" />
    <file relUrl="bower_components/moment/locale/bn.js" publishTime="01/16/2017 14:04:24" />
    <file relUrl="bower_components/moment/locale/ru.js" publishTime="01/16/2017 14:04:24" />
    <file relUrl="bower_components/moment/src/locale/ne.js" publishTime="01/16/2017 14:04:24" />
    <file relUrl="bower_components/eonasdan-bootstrap-datetimepicker/tasks/bump_version.js" publishTime="01/16/2017 14:04:24" />
    <file relUrl="bower_components/moment/locale/en-ca.js" publishTime="01/16/2017 14:04:24" />
    <file relUrl="bower_components/jquery/src/dimensions.js" publishTime="01/16/2017 14:04:24" />
    <file relUrl="bower_components/moment/src/locale/ar-ma.js" publishTime="01/16/2017 14:04:24" />
    <file relUrl="bower_components/moment/src/lib/format/format.js" publishTime="01/16/2017 14:04:24" />
    <file relUrl="bower_components/jquery/src/core/init.js" publishTime="01/16/2017 14:04:24" />
    <file relUrl="bower_components/jquery/src/selector-sizzle.js" publishTime="01/16/2017 14:04:24" />
    <file relUrl="bower_components/moment/src/moment.js" publishTime="01/16/2017 14:04:24" />
    <file relUrl="css/img/ui-bg_glass_55_fbf9ee_1x400.png" publishTime="01/16/2017 14:04:24" />
    <file relUrl="bower_components/moment/src/locale/id.js" publishTime="01/16/2017 14:04:24" />
    <file relUrl="bower_components/moment/src/locale/ar-sa.js" publishTime="01/16/2017 14:04:24" />
    <file relUrl="bower_components/moment/src/locale/zh-tw.js" publishTime="01/16/2017 14:04:24" />
    <file relUrl="bower_components/moment/src/lib/locale/locale.js" publishTime="01/16/2017 14:04:24" />
    <file relUrl="dist/css/jquery-ui.css" publishTime="01/16/2017 14:04:24" />
    <file relUrl="bower_components/jquery/src/attributes/support.js" publishTime="01/16/2017 14:04:24" />
    <file relUrl="bower_components/jquery/src/traversing/var/dir.js" publishTime="01/16/2017 14:04:24" />
    <file relUrl="SALAM/Chequ_Approval.aspx" publishTime="02/08/2017 11:10:44" />
    <file relUrl="MURABAHA/Murabha.Master" publishTime="02/07/2017 18:55:58" />
    <file relUrl="bower_components/moment/src/locale/nb.js" publishTime="01/16/2017 14:04:24" />
    <file relUrl="bower_components/moment/src/lib/locale/en.js" publishTime="01/16/2017 14:04:24" />
    <file relUrl="bower_components/moment/locale/cv.js" publishTime="01/16/2017 14:04:24" />
    <file relUrl="bower_components/moment/src/locale/ml.js" publishTime="01/16/2017 14:04:24" />
    <file relUrl="bower_components/moment/src/locale/hi.js" publishTime="01/16/2017 14:04:24" />
    <file relUrl="MURABAHA/murabha.aspx" publishTime="01/16/2017 22:43:45" />
    <file relUrl="bower_components/moment/src/locale/en-nz.js" publishTime="01/16/2017 14:04:24" />
    <file relUrl="bower_components/moment/src/locale/cv.js" publishTime="01/16/2017 14:04:24" />
    <file relUrl="css/img/ui-bg_highlight-soft_75_cccccc_1x100.png" publishTime="01/16/2017 14:04:24" />
    <file relUrl="bower_components/moment/locale/fr-ch.js" publishTime="01/16/2017 14:04:24" />
    <file relUrl="bower_components/moment/src/locale/lo.js" publishTime="01/16/2017 14:04:24" />
    <file relUrl="bower_components/jquery/src/core/stripAndCollapse.js" publishTime="01/16/2017 14:04:24" />
    <file relUrl="bower_components/moment/src/lib/locale/base-config.js" publishTime="01/16/2017 14:04:24" />
    <file relUrl="bower_components/moment/locale/jv.js" publishTime="01/16/2017 14:04:24" />
    <file relUrl="bower_components/jquery/src/core/access.js" publishTime="01/16/2017 14:04:24" />
    <file relUrl="bower_components/jquery/src/ajax/var/location.js" publishTime="01/16/2017 14:04:24" />
    <file relUrl="bower_components/moment/locale/ro.js" publishTime="01/16/2017 14:04:24" />
    <file relUrl="bower_components/moment/src/lib/moment/moment.js" publishTime="01/16/2017 14:04:24" />
    <file relUrl="bower_components/moment/src/locale/ms-my.js" publishTime="01/16/2017 14:04:24" />
    <file relUrl="MURABAHA/arrears_report.aspx" publishTime="02/08/2017 11:10:44" />
    <file relUrl="bower_components/jquery/dist/jquery.slim.min.js" publishTime="01/16/2017 14:04:24" />
    <file relUrl="User_Create.aspx" publishTime="01/17/2017 16:37:09" />
    <file relUrl="bower_components/eonasdan-bootstrap-datetimepicker/src/js/bootstrap-datetimepicker.js" publishTime="01/16/2017 14:04:24" />
    <file relUrl="bower_components/moment/src/lib/parse/regex.js" publishTime="01/16/2017 14:04:24" />
    <file relUrl="Images/calendar.png" publishTime="01/16/2017 14:04:24" />
    <file relUrl="dist/js/base_scripts.js" publishTime="02/03/2017 13:59:46" />
    <file relUrl="bower_components/moment/src/lib/utils/is-object.js" publishTime="01/16/2017 14:04:24" />
    <file relUrl="bower_components/jquery/src/deferred.js" publishTime="01/16/2017 14:04:24" />
    <file relUrl="dist/css/style.css" publishTime="01/17/2017 12:27:59" />
    <file relUrl="bower_components/moment/src/locale/kk.js" publishTime="01/16/2017 14:04:24" />
    <file relUrl="bower_components/jquery/src/deferred/exceptionHook.js" publishTime="01/16/2017 14:04:24" />
    <file relUrl="bower_components/moment/src/lib/parse/token.js" publishTime="01/16/2017 14:04:24" />
    <file relUrl="bower_components/moment/src/lib/utils/compare-arrays.js" publishTime="01/16/2017 14:04:24" />
    <file relUrl="MURABAHA/RemoveChequeBookHistry.aspx" publishTime="01/18/2017 00:41:22" />
    <file relUrl="MURABAHA/Debit_Note.aspx" publishTime="01/16/2017 22:44:38" />
    <file relUrl="bower_components/jquery/dist/core.js" publishTime="01/16/2017 14:04:24" />
    <file relUrl="bower_components/eonasdan-bootstrap-datetimepicker/docs/theme/css/base.css" publishTime="01/16/2017 14:04:24" />
    <file relUrl="bower_components/jquery/src/css/addGetHookIf.js" publishTime="01/16/2017 14:04:24" />
    <file relUrl="bower_components/moment/src/locale/ms.js" publishTime="01/16/2017 14:04:24" />
    <file relUrl="bower_components/eonasdan-bootstrap-datetimepicker/docs/theme/apple-touch-icon-72x72.png" publishTime="01/16/2017 14:04:24" />
    <file relUrl="bin/MuslimAID.pdb" publishTime="02/27/2017 16:30:53" />
    <file relUrl="bower_components/moment/locale/cs.js" publishTime="01/16/2017 14:04:24" />
  </publishTarget>
  <publishTarget publishUrl="D:\projects\live mamc\" />
</publishData>